Polyelectrolyte,Tg (K),SMILES,Dielectric Constant,Source,Radius of gyration,Molar refractivity
Cellulose acetate,468.15,COC(=O)C.OC1C(OC(C)C(=O)O)C(O)OC1(C)O,3.9,"Polymer Handbook, 4th ed.",2.7821,45.6932
Cellulose nitrate,325.15,O[N+](=O)[O-].OC1C(OC(C)O[N+](=O)[O-])C(O)OC1(C)O,7.0,"Polymer Handbook, 4th ed.",2.9724,46.1368
Chitosan,476.15,*NC1CC(O)OC(CO)C1O*,7.8,"Journal of Applied Polymer Science, 2005, 96(4), 1469-1475",2.2345,36.5648
Ethyl cellulose,408.15,CCO.OC1C(OC(C)OCC)C(O)OC1(C)O,3.1,"Polymer Handbook, 4th ed.",2.7414,49.6834
Heparin,428.15,O=C(O)C1OC(OC2C(OS(O)(=O)=O)C(O)C(O)C(CO)O2)C(OS(O)(=O)=O)C(O)C1NC(C)=O,6.9,"Biomacromolecules, 2011, 12(5), 1757-1764",4.0493,101.5969
Hydroxypropyl cellulose,398.15,CC(O)CO.OC1C(OC(C)OCC(O)C)C(O)OC1(C)O,4.1,"Polymer Handbook, 4th ed.",3.2241,55.6902
Ionomer (Surlyn),323.15,C=C(C)C(=O)[O-].[Na+],2.5,MatWeb Material Property Data,1.9547,22.5070
Methyl cellulose,423.15,CO.OC1C(OC(C)OC)C(O)OC1(C)O,7.3,"Journal of Polymer Science, 1957, 23(104), 703-714",2.6125,45.0664
Nafion,383.15,*C(F)(F)C(F)(F)OC(F)(F)C(F)(F)S(=O)(=O)O*,20.0,"Journal of the Electrochemical Society, 1992, 139(9), L83-L85",2.8342,33.4786
Pectin,433.15,*OC(=O)C1C(O)C(O)OC(C(=O)O)C1O*,8.2,"Food Hydrocolloids, 2017, 66, 159-166",2.5479,41.6550
Poly(1-vinyl-3-butylimidazolium chloride),343.15,*C(C1=C[N+](CCCC)=CN1)C*.[Cl-],12.5,"Macromolecules, 2015, 48(21), 7899-7909",2.9841,45.2737
Poly(1-vinyl-3-ethylimidazolium bromide),361.15,*C(C1=C[N+](CC)=CN1)C*.[Br-],14.1,"Macromolecules, 2006, 39(22), 7525-7533",2.2931,36.0397
Poly(2-acrylamido-2-methyl-1-propanesulfonic acid),458.15,*C(C(=O)NC(C)(C)CS(=O)(=O)O)C*,9.5,"Journal of Polymer Science Part B, 2003, 41(22), 2824-2832",2.7774,48.9283
Poly(2-ethyl-2-oxazoline),340.65,*N(C(=O)CC)CC*,4.5,Polymer Database,2.1638,28.9747
Poly(2-hydroxyethyl methacrylate),343.15,*C(C)(C(=O)OCCO)C*,6.5,"Polymer Handbook, 4th ed.",2.3996,32.8828
"Poly(3-sulfopropyl methacrylate), potassium salt",418.15,C=C(C)C(=O)OCCCS(=O)(=O)[O-].[K+],8.9,"Journal of Membrane Science, 2008, 318(1-2), 155-163",3.2929,56.1261
Poly(4-vinylphenol),433.15,*C(c1ccc(O)cc1)C*,4.5,"Polymer Handbook, 4th ed.",2.2535,37.4848
Poly(4-vinylpyridine),415.15,*C(c1ccncc1)C*,6.3,"Polymer Handbook, 4th ed.",1.9876,33.6150
Poly(L-aspartic acid),470.15,*NC(CC(=O)O)C(=O)*,8.4,"Biomacromolecules, 2004, 5(5), 1933-1941",1.9429,26.2922
Poly(L-glutamic acid),425.15,*NC(CCC(=O)O)C(=O)*,7.9,"Biomacromolecules, 2004, 5(5), 1933-1941",2.5017,30.9092
Poly(L-lactic acid),335.65,*C(C)C(=O)O*,2.7,"Polymer Handbook, 4th ed.",1.5615,17.9268
Poly(L-lysine),423.15,*NC(CCCCN)C(=O)*,9.1,"Biomacromolecules, 2004, 5(5), 1933-1941",2.6803,36.9448
"Poly(N,N-dimethylaminoethyl methacrylate)",298.15,*C(C)(C(=O)OCCN(C)C)C*,4.9,Polymer Database,2.5693,44.3510
Poly(N-isopropylacrylamide),408.15,*C(C(=O)NC(C)C)C*,5.1,"Journal of Physical Chemistry B, 2004, 108(2), 589-594",2.2763,33.5697
Poly(N-vinylcaprolactam),418.15,*C(C1=O)NCCCC1*,4.8,Polymer Database,1.8449,31.7277
Poly(N-vinylpyrrolidone),448.15,*C(C1=O)NCCC1*,5.8,"Polymer Handbook, 4th ed.",1.7068,27.1107
Poly(acrylic acid),379.15,*C(C(=O)O)C*,5.6,"Polymer Handbook, 4th ed.",1.5544,17.9268
Poly(allylamine),331.15,*C(CN)C*,6.2,"Journal of Polymer Science Part B, 1999, 37(13), 1467-1473",1.4537,19.3454
"Poly(aniline), emeraldine salt",523.15,*c1ccc(N)cc1*,10.5,"Synthetic Metals, 1995, 69(1-3), 15-18",1.7470,30.8544
Poly(diallyldimethylammonium chloride),438.15,*C(C[N+](C)(C)CC1)C1.[Cl-]*,7.5,"Journal of Colloid and Interface Science, 2002, 252(1), 41-48",1.8180,35.6934
Poly(ethylene glycol) diacrylate,213.15,C=CC(=O)OCCOCC(=O)C=C,5.1,Polymer Database,2.5936,43.3440
"Poly(ethylene imine), branched",228.15,*N(CCN)CCN*,6.0,"Polymer Handbook, 4th ed.",2.5686,30.9785
"Poly(ethylene imine), linear",253.15,*CCN*,5.5,"Polymer Handbook, 4th ed.",1.2267,14.7284
Poly(ethylene-co-acrylic acid),358.15,*CCCC(C(=O)O)C*,2.6,"Polymer Handbook, 4th ed.",2.1418,31.7078
Poly(ethylene-co-methacrylic acid),363.15,*CCCC(C)(C(=O)O)C*,2.7,"Polymer Handbook, 4th ed.",2.1273,36.3248
Poly(glycolic acid),310.65,*C(=O)OC*,5.0,"Polymer Handbook, 4th ed.",1.3150,13.0730
Poly(isobutylene-alt-maleic anhydride),433.15,*C(C)(C)C(C(=O)OC(=O)C1)C1*,3.8,Polymer Database,2.3341,38.6610
Poly(maleic acid),431.15,*C(C(=O)O)C(C(=O)O)*,8.5,"European Polymer Journal, 2003, 39(6), 1175-1183",1.9547,24.5056
Poly(methacrylic acid),458.15,*C(C)(C(=O)O)C*,5.2,"Polymer Handbook, 4th ed.",1.6793,22.4738
Poly(methyl vinyl ether),239.15,*C(OC)C*,5.0,"Polymer Handbook, 4th ed.",1.4843,17.5500
Poly(sodium acrylate),504.15,C=CC(=O)[O-].[Na+],6.1,"Macromolecules, 1995, 28(25), 8447-8453",1.4972,15.2040
Poly(sodium methacrylate),513.15,C=C(C)C(=O)[O-].[Na+],6.5,"Macromolecules, 1995, 28(25), 8447-8453",1.9547,22.5070
Poly(sodium styrene sulfonate),463.15,C=Cc1ccc(S(=O)(=O)[O-])cc1.[Na+],4.2,"Macromolecules, 2000, 33(10), 3782-3790",3.1256,47.3304
Poly(styrene-alt-maleic anhydride),453.15,*C(c1ccccc1)C(C(=O)OC(=O)C1)C1*,3.2,"Polymer Handbook, 4th ed.",2.9822,53.9690
Poly(styrene-co-maleic acid),428.15,*C(c1ccccc1)C.C(C(=O)O)C(=O)O*,3.5,Polymer Database,2.7144,45.6346
Poly(styrene-co-styrene sulfonic acid),390.15,*C(c1ccccc1)C.C(c1ccc(S(=O)(=O)O)cc1)C*,3.1,"Journal of Polymer Science Part B, 2001, 39(16), 1833-1842",3.1818,52.2224
Poly(vinyl acetate),303.15,*C(OC(=O)C)C*,3.3,"Polymer Handbook, 4th ed.",1.8881,22.3070
"Poly(vinyl alcohol), fully hydrolyzed",358.15,*C(O)C*,7.5,"Polymer Handbook, 4th ed.",1.1695,12.7598
Poly(vinyl alcohol-co-vinyl acetate),358.15,*C(O)C.C(OC(=O)C)C*,7.0,Polymer Database,1.8881,22.3070
Poly(vinyl methyl ether-alt-maleic acid),411.15,*C(OC)C.C(C(=O)O)C(=O)O*,4.7,Polymer Database,1.9547,24.5056
Poly(vinylbenzyltrimethylammonium chloride),445.15,*C(c1ccc(C[N+](C)(C)C)cc1)C.[Cl-]*,4.4,"Macromolecules, 2002, 35(1), 137-143",2.8746,57.5564
Poly(vinylphosphonic acid),403.15,*C(P(=O)(O)O)C*,8.1,"Solid State Ionics, 2002, 148(3-4), 407-414",1.6510,22.5851
Sodium alginate,433.15,*OC(=O)C1C(O)C(O)OC(CO)C1O* (Guluronic acid unit),9.1,"Carbohydrate Polymers, 2011, 83(2), 1012-1018",2.4048,41.1050
Sodium carboxymethyl cellulose (Na-CMC),468.15,*OC[C@H]1O[C@@H](O[C@H]2[C@H](COC(=O)O[Na])C(O)O[C@H](CO)[C@H]2O)[C@H](O)[C@@H]1O*,8.5,"Journal of Applied Polymer Science, 2009, 114(4), 2442-2448",4.0351,78.2828
Poly(acrylamide-co-acrylic acid),463.15,*C(C(=O)N)C.C(C(=O)O)C*,6.8,"Polymer International, 2001, 50(9), 1025-1031",1.5869,19.4854
Poly(quaternium-6),433.15,*C(C[N+](C)(C)CC1)C1.[Cl-]*,7.2,Cosmetics Ingredient Review,1.8180,35.6934
Poly(quaternium-7),448.15,*C(C(=O)N)C.C(C[N+](C)(C)CC1)C1.[Cl-]*,6.9,Cosmetics Ingredient Review,1.8180,35.6934
Poly(quaternium-11),418.15,C=C(C)C(=O)OCCN(C)C,6.7,Cosmetics Ingredient Review,2.5693,44.3510
Poly(quaternium-22),423.15,C1C[N+](C)(C)CC=C1,7.1,Cosmetics Ingredient Review,1.8180,35.6934
Poly(1-vinyl-3-hexylimidazolium chloride),321.15,*C(C1=C[N+](CCCCCC)=CN1)C*.[Cl-],11.2,"Macromolecules, 2015, 48(21), 7899-7909",3.1918,54.5077
Poly(1-vinyl-3-octylimidazolium bromide),305.15,*C(C1=C[N+](CCCCCCCC)=CN1)C*.[Br-],9.8,"Journal of Physical Chemistry B, 2010, 114(45), 14374-14381",3.7529,63.7417
Poly(diallyldimethylammonium bis(trifluoromethanesulfonyl)imide),372.15,*C(C[N+](C)(C)CC1)C1.[N-](S(=O)(=O)C(F)(F)F)S(=O)(=O)C(F)(F)F*,11.5,"ACS Macro Letters, 2013, 2(10), 896-900",3.9996,89.5050
Poly(vinylbenzyltributylammonium chloride),395.15,*C(c1ccc(C[N+](CCCC)(CCCC)CCCC)cc1)C.[Cl-]*,4.0,"Macromolecules, 2002, 35(1), 137-143",3.6848,99.1094
Poly(methacrylamidopropyltrimethylammonium chloride),453.15,*C(C)(C(=O)NCCC[N+](C)(C)C)C.[Cl-]*,8.3,"European Polymer Journal, 2005, 41(8), 1735-1742",3.4720,55.3641
Poly(2-(methacryloyloxy)ethyl phosphorylcholine),368.15,C=C(C)C(=O)OCCCOP(=O)([O-])OCC[N+](C)(C)C,8.7,"Biomacromolecules, 2002, 3(5), 1075-1080",3.5960,70.5285
"Poly(acrylic acid), lithium salt",513.15,C=CC(=O)[O-].[Li+],6.0,"Macromolecules, 1995, 28(25), 8447-8453",1.4972,17.4300
"Poly(acrylic acid), potassium salt",508.15,C=CC(=O)[O-].[K+],6.3,"Macromolecules, 1995, 28(25), 8447-8453",1.4972,12.9780
Poly(vinylidene fluoride-co-hexafluoropropylene),238.15,*C(F)(F)C(F)(F).C(F)(C(F)(F)F)C(F)(F)*,8.4,"Journal of Materials Science, 2004, 39(8), 2689-2693",1.8418,16.9550
Poly(epichlorohydrin-co-ethylene oxide),218.15,*C(O)C(Cl)C.CCO*,12.1,"Journal of Polymer Science Part B, 1997, 35(15), 2441-2448",1.6022,22.4008
Poly(L-histidine),441.15,*NC(Cc1c[nH]cn1)C(=O)*,10.2,"Biomacromolecules, 2004, 5(5), 1933-1941",2.2277,36.3311
Poly(N-vinylimidazole),423.15,C=Cn1cncc1,7.1,"Polymer, 2003, 44(25), 7741-7748",1.9163,27.9717
Poly(2-vinylpyridine),377.15,*C(c1ncccc1)C*,6.0,"Polymer Handbook, 4th ed.",1.9930,33.6150
Poly(sodium 4-vinylbenzenesulfonate),468.15,C=Cc1ccc(S(=O)(=O)[O-])cc1.[Na+],4.3,"Macromolecules, 2000, 33(10), 3782-3790",3.1256,47.3304
Poly(vinyl acetate-co-crotonic acid),338.15,*C(OC(=O)C)C.C(C)C(=O)O*,3.8,Polymer Database,1.8881,22.3070
Poly(methyl methacrylate-co-methacrylic acid),413.15,*C(C)(C(=O)OC)C.C(C)(C(=O)O)C*,3.4,"Journal of Applied Polymer Science, 1999, 73(13), 2693-2700",1.9152,26.8540
Guar Gum,453.15,*OC[C@H]1O[C@@H](O[C@H]2[C@H](O)C(O)O[C@H](CO)[C@H]2O)[C@H](O)[C@@H]1O* (Mannose backbone with galactose branches),8.1,"Carbohydrate Polymers, 2013, 98(1), 1025-1031",3.3208,62.6126
Gellan Gum,463.15,*OC[C@H]1O[C@@H](O[C@H]2[C@H](C(=O)O)C(O)O[C@H](C)[C@H]2O)[C@H](O)[C@@H]1O* (Tetrasaccharide repeating unit),9.4,"Journal of Agricultural and Food Chemistry, 2009, 57(9), 3584-3590",3.4682,66.3198
Carrageenan (Iota),393.15,*O[C@H]1[C@@H](O[C@@H]2[C@H](O)C(OS(=O)([O-])=O)O[C@@H](C3(O)CO3)[C@H]2OS(=O)([O-])=O)O[C@H](CO)[C@@H](O)[C@@H]1O,9.8,"Food Hydrocolloids, 2006, 20(2-3), 233-248",4.2411,89.5622
Carrageenan (Kappa),418.15,*O[C@H]1[C@@H](O[C@@H]2[C@H](O)C(OS(=O)([O-])=O)O[C@@H](C3(O)CO3)[C@H]2OS(=O)([O-])=O)O[C@H](CO)[C@@H](O)[C@@H]1O,9.5,"Food Hydrocolloids, 2006, 20(2-3), 233-248",4.2411,89.5622
Carrageenan (Lambda),378.15,*O[C@H]1[C@@H](O[C@@H]2[C@H](O)C(OS(=O)([O-])=O)O[C@@H](C3(O)CO3)[C@H]2OS(=O)([O-])=O)O[C@H](CO)[C@@H](O)[C@@H]1O,10.1,"Food Hydrocolloids, 2006, 20(2-3), 233-248",4.2411,89.5622
"Poly(aspartic acid), sodium salt",488.15,*NC(CC(=O)O[Na])C(=O)*,9.0,Polymer Database,2.2698,30.5024
"Poly(glutamic acid), sodium salt",451.15,*NC(CCC(=O)O[Na])C(=O)*,8.6,Polymer Database,2.9308,35.1194
Poly(allylamine hydrochloride),393.15,*C(CN)C.[Cl-]*,6.8,Polymer Database,1.4537,19.3454
Poly(arginine),433.15,*NC(CCCNC(=N)N)C(=O)*,11.1,"Biomacromolecules, 2004, 5(5), 1933-1941",3.0849,43.1902
Poly(L-ornithine hydrochloride),463.15,*NC(CCCN)C(=O)*.[Cl-],9.7,"Biomacromolecules, 2004, 5(5), 1933-1941",2.4471,32.3278
Poly(quaternium-37),423.15,*C(C)(C(=O)OCC[N+](C)(C)C)C.[Cl-]*,8.1,Cosmetics Ingredient Review,2.6070,48.6964
Poly(2-acryloxyethyltrimethylammonium chloride),434.15,*C(C(=O)OCC[N+](C)(C)C)C.[Cl-]*,8.2,"European Polymer Journal, 2005, 41(8), 1735-1742",2.7355,44.1494
Poly(4-vinylbenzyl chloride),355.15,*C(c1ccc(CCl)cc1)C*,2.9,"Polymer Handbook, 4th ed.",2.6464,45.3770
"Poly(styrene sulfonic acid), potassium salt",470.15,C=Cc1ccc(S(=O)(=O)[O-])cc1.[K+],4.1,"Macromolecules, 2000, 33(10), 3782-3790",3.1256,45.1044
"Poly(methacrylic acid, potassium salt)",518.15,C=C(C)C(=O)[O-].[K+],6.7,"Macromolecules, 1995, 28(25), 8447-8453",1.9547,20.2810
"Poly(methacrylic acid, lithium salt)",515.15,C=C(C)C(=O)[O-].[Li+],6.4,"Macromolecules, 1995, 28(25), 8447-8453",1.9547,24.7330
Poly(itaconic acid),443.15,*C(CC(=O)O)C(=O)O*,8.3,Polymer Database,2.0264,24.5056
Poly(crotonic acid),468.15,*C(C)C(=O)O*,5.9,Polymer Database,1.5615,17.9268
Poly(N-vinylformamide),453.15,*C(NC=O)C*,6.6,Polymer Database,1.5373,19.7407
Dextran sulfate sodium salt,423.15,[Na+].[O-]S(=O)(=O)O[C@H]1[C@@H](O[C@H]2[C@H](CO)O[C@@H](O)[C@@H](O)[C@@H]2O)O[C@H](CO)[C@@H]1O,9.2,Sigma-Aldrich Product Specification,4.1488,72.1057
Chondroitin sulfate,448.15,*OC(=O)C1C(O)C(O)OC(CO)C1O.CC(=O)NC1C(O)C(OS(=O)(=O)O)OC(CO)C1O* (Disaccharide repeating unit),9.9,Sigma-Aldrich Product Specification,4.1039,84.1465
Poly(2-carboxyethyl)acrylate,323.15,*C(C(=O)OCCC(=O)O)C*,5.7,"Polysciences, Inc. Technical Data Sheet",2.7079,33.5028
Poly(4-vinylbenzoic acid),493.15,*C(c1ccc(C(=O)O)cc1)C*,4.0,Polymer Database,2.6248,42.7793
Poly(ethylene-alt-maleic anhydride),478.15,*CC.C(C(=O)OC(=O)C1)C1*,3.9,Polymer Database,1.8596,24.9500
"Poly(thiophene), doped",423.15,*c1sccc1*,1000.0,"Advanced Materials, 1998, 10(12), 923-936",1.3311,24.3190
"Poly(pyrrole), doped",473.15,*c1[nH]ccc1*,1000.0,"Journal of Physical Chemistry B, 1997, 101(14), 2581-2587",1.2807,20.7927
Hyaluronic acid,383.15,*OC(=O)C1C(O)C(O)OC(CO)C1O.CC(=O)NC1C(O)C(O)OC(CO)C1O* (Disaccharide repeating unit),11.0,"Biomacromolecules, 2001, 2(4), 1334-1339",3.3208,62.6126
"Poly(vinyl sulfate), potassium salt",455.15,C=COS(=O)(=O)[O-].[K+],9.3,Sigma-Aldrich Product Specification,2.1415,26.3761
Poly(anetholesulphonic acid),468.15,*C(c1ccc(OC)cc1S(=O)(=O)O)C(C)*,4.6,Sigma-Aldrich Product Specification,2.8280,56.8036
Poly(L-proline),463.15,*N1CCCC1C(=O)*,7.6,"Biomacromolecules, 2004, 5(5), 1933-1941",1.8210,27.0887
Poly(diethylaminoethyl methacrylate),278.15,*C(C)(C(=O)OCCN(CC)CC)C*,4.4,Polymer Database,3.1995,53.5850
Poly(tert-butylaminoethyl methacrylate),338.15,*C(C)(C(=O)OCCNC(C)(C)C)C*,4.1,Polymer Database,3.1258,53.5527
Poly(2-(diisopropylamino)ethyl methacrylate),303.15,*C(C)(C(=O)OCCN(C(C)C)C(C)C)C*,3.9,Polymer Database,3.1882,62.7750
Poly(N-vinylpyrrolidone-co-vinyl acetate),378.15,*C(C1=O)NCCC1.C(OC(=O)C)C*,4.5,Polymer Database,1.8881,22.3070
Poly(dimethyldiallylammonium chloride-co-acrylamide),443.15,*C(C[N+](C)(C)CC1)C1.[Cl-].C(C(=O)N)C*,7.3,Polymer Database,1.8180,35.6934
Poly(dimethyldiallylammonium chloride-co-maleic acid),453.15,*C(C[N+](C)(C)CC1)C1.[Cl-].C(C(=O)O)C(=O)O*,7.8,Polymer Database,1.8180,35.6934
Poly(acrylamide-co-diallyldimethylammonium chloride),433.15,*C(C(=O)N)C.C(C[N+](C)(C)CC1)C1.[Cl-]*,7.0,Polymer Database,1.8180,35.6934
Poly(4-styrenesulfonic acid-co-maleic acid) sodium salt,468.15,*C(c1ccc(S(=O)(=O)[O-])cc1)C.[Na+].C(C(=O)O)C(=O)O*,4.8,Polymer Database,3.1256,47.3304
Poly(quaternium-2),428.15,*Cl.CN(CCOCCN(C)C)C(=O)*,7.0,Cosmetics Ingredient Review,3.0709,48.0670
Poly(quaternium-16),403.15,C=C1C(=O)NCCC1,6.5,Cosmetics Ingredient Review,1.7068,27.1107
Poly(quaternium-44),413.15,C=C(C)C(=O)OCCNC(C)(C)C,7.4,Cosmetics Ingredient Review,3.1258,53.5527
Poly(quaternium-47),433.15,C1C[N+](C)(C)CC=C1,7.2,Cosmetics Ingredient Review,1.8180,35.6934
Carboxymethyl dextran,443.15,*OC[C@H]1O[C@@H](O[C@H]2[C@H](O)C(O)O[C@H](COC(=O)O)[C@H]2O)[C@H](O)[C@@H]1O*,9.0,"Carbohydrate Polymers, 2010, 81(1), 162-167",3.8427,69.5036
Carboxymethyl starch,463.15,*COC(=O)O[C@H]1C(O)C(O)OC(CO)C1O*,8.7,"Journal of Applied Polymer Science, 2008, 109(6), 3465-3471",2.8866,47.2572
Cationic starch,473.15,*O[C@H]1C(O)C(N(C)C)OC(CO)C1O*,8.5,"Carbohydrate Polymers, 2011, 84(1), 32-38",2.4981,47.4542
Sulfated hyaluronic acid,393.15,O[C@H]1[C@H](O[C@H]2[C@H](CO)O[C@@H](OC(=O)C)[C@@H](O)[C@@H]2OS(O)(=O)=O)O[C@H](C(=O)O)[C@@H](O)[C@@H]1O,11.5,"Biomacromolecules, 2001, 2(4), 1334-1339",4.3615,90.4131
Sulfated dextran,413.15,O[C@H]1[C@@H](OS(O)(=O)=O)[C@H](O[C@H]2[C@H](CO)O[C@@H](O)[C@@H](O)[C@@H]2O)O[C@H](CO)[C@@H]1O,9.5,Sigma-Aldrich Product Specification,4.1488,72.1057
Poly(2-N-morpholino)ethyl methacrylate,343.15,*C(C)(C(=O)OCCN1CCOCC1)C*,4.8,Polymer Database,3.4757,53.0560
Poly(diallyldimethylammonium triflate),421.15,*C(C[N+](C)(C)CC1)C1.O=S(C(F)(F)F)(=O)=O*,10.8,"ACS Macro Letters, 2013, 2(10), 896-900",1.8180,35.6934
Poly(vinylbenzyltrimethylammonium triflate),428.15,*C(c1ccc(C[N+](C)(C)C)cc1)C.O=S(C(F)(F)F)(=O)=O*,4.3,"Macromolecules, 2002, 35(1), 137-143",2.8746,57.5564
Poly(4-vinylpyridinium bromide),438.15,*C(c1cc[n+]cc1)C.[Br-]*,6.2,Polymer Database,1.9983,35.7120
Poly(4-vinylpyridinium hydrogensulfate),448.15,*C(c1cc[n+]cc1)C.OS(=O)(=O)O*,6.5,Polymer Database,1.9983,35.7120
Poly(N-methyl-4-vinylpyridinium iodide),453.15,*C(c1cc[n+](C)cc1)C.[I-]*,6.8,Polymer Database,2.2240,36.9960
Poly(butadiene-co-maleic acid),348.15,C=CCC=C.C(C(=O)O)C(=O)O,3.6,Polymer Database,1.9547,24.5056
Poly(isoprene-co-maleic acid),358.15,CC(C)=CC.C(C(=O)O)C(=O)O,3.5,Polymer Database,1.9547,24.5056
"Poly(acrylic acid), crosslinked",379.15,*C(C(=O)O)C* (crosslinked network),5.5,Polymer Database,1.5544,17.9268
Poly(maleic acid-co-olefin),428.15,*C=C.C(C(=O)O)C(=O)O* (olefin varies),3.7,Polymer Database,1.9547,24.5056
Poly(methyl methacrylate-co-2-(dimethylamino)ethyl methacrylate),388.15,*C(C)(C(=O)OC)C.C(C)(C(=O)OCCN(C)C)C*,3.8,Polymer Database,2.5693,44.3510
Poly(styrene-co-allyl alcohol),378.15,*C(c1ccccc1)C.C=CC(O)*,3.0,Polymer Database,2.7144,45.6346
Poly(N-vinylpyrrolidone-co-dimethylaminoethylmethacrylate),398.15,*C(C1=O)NCCC1.C(C)(C(=O)OCCN(C)C)C*,5.2,Polymer Database,2.5693,44.3510
"Poly(acrylamide-co-N,N-dimethylacrylamide)",423.15,*C(C(=O)N)C.C(C(=O)N(C)C)C*,6.0,Polymer Database,1.9358,28.9850
Hydroxyethyl cellulose,403.15,*OC[C@H]1O[C@@H](O[C@H]2[C@H](O)C(O)O[C@H](CO)[C@H]2O)[C@H](O)[C@@H]1OCCO*,6.5,Polymer Database,3.8078,73.4316
Poly(L-aspartic acid-co-glycerol),470.15,*NC(CC(=O)O)C(=O)*.OCC(O)CO*,9.2,"Biomacromolecules, 2008, 9(12), 3290-3298",1.9429,26.2922
Poly(L-glutamic acid-co-ethylene glycol),425.15,*NC(CCC(=O)O)C(=O)*.OCCO*,8.8,"Biomacromolecules, 2008, 9(12), 3290-3298",2.5017,30.9092
"Poly(vinyl alcohol), 99% hydrolyzed",358.15,*C(O)C*,7.5,"Polymer Handbook, 4th ed.",1.1695,12.7598
"Poly(vinyl alcohol), 87% hydrolyzed",331.15,*C(O)C*,8.0,"Polymer Handbook, 4th ed.",1.1695,12.7598